<?xml version="1.0" encoding="UTF-8" standalone="no" ?>
<application xmlns="http://ns.adobe.com/air/application/3.4">
  <id>com.gamevil.zenonia2</id>
  <versionNumber>0.1</versionNumber>
  <filename>Jumble</filename>
  <description/>
<!-- To localize the description, use the following format for the description element.<description><text xml:lang="en">English App description goes here</text><text xml:lang="fr">French App description goes here</text><text xml:lang="ja">Japanese App description goes here</text></description>-->
  <name>Jumble</name>
<!-- To localize the name, use the following format for the name element.<name><text xml:lang="en">English App name goes here</text><text xml:lang="fr">French App name goes here</text><text xml:lang="ja">Japanese App name goes here</text></name>-->
  <copyright/>
  <initialWindow>
    <content>Jumble.swf</content>
    <systemChrome>standard</systemChrome>
    <transparent>false</transparent>
    <visible>true</visible>
    <fullScreen>true</fullScreen>
    <aspectRatio>landscape</aspectRatio>
    <renderMode>auto</renderMode>
    <autoOrients>false</autoOrients></initialWindow>
  <icon/>
  <customUpdateUI>false</customUpdateUI>
  <allowBrowserInvocation>false</allowBrowserInvocation>
  <iPhone>
    <InfoAdditions>
      <![CDATA[<key>UIDeviceFamily</key><array><string>2</string></array>]]>
    </InfoAdditions>
    <requestedDisplayResolution>high</requestedDisplayResolution>
  </iPhone>
  <supportedLanguages>en</supportedLanguages>
</application>
